,Individual,Type,Distance
0,S02,Geodesic,19.949024200439453
1,S02,Correlation,0.3113893465840533
2,S03,Geodesic,18.888444900512695
3,S03,Correlation,0.19735644191420987
